{
  "total_trades": 3,
  "hit_rate": 0.3333333333333333,
  "mean_pnl": -0.1683333333333333,
  "std_pnl": 0.435245779863388,
  "sharpe": -2.788927510766929,
  "max_drawdown": 0.52
}